{
     "c:\\E": {
          "FOR _PSI4.txt": [
               6175,
               "Fri Dec 23 16:21:38 2016"
          ],
          "GIt.txt": [
               333,
               "Thu Oct 20 12:30:14 2016"
          ],
          "JanaadharRouteMAP.jpg": [
               208105,
               "Thu Mar  9 14:29:02 2017"
          ],
          "Katalon_Studio_Windows_64-4.7.2.zip": [
               349403658,
               "Fri Aug 18 13:09:34 2017"
          ],
          "log.html": [
               344361,
               "Fri Mar 24 18:34:16 2017"
          ],
          "o11nplugin-ehc-rp4vm-4.1.0.0-build-480.dar": [
               26259016,
               "Fri Nov  4 11:00:30 2016"
          ],
          "pabot_files_and_results (1).zip": [
               136302,
               "Sat Mar  4 00:34:45 2017"
          ],
          "ProblemSolvingwithAlgorithmsandDataStructures.pdf": [
               4356997,
               "Wed Feb  8 23:17:24 2017"
          ],
          "RESTCalls.txt": [
               103095,
               "Thu Oct 13 14:30:26 2016"
          ],
          "sendless_M_M_2017_10.xlsx": [
               12781,
               "Tue Oct 31 11:08:44 2017"
          ],
          "vroClientScripts-master (1).zip": [
               22804,
               "Fri Feb  3 17:05:21 2017"
          ],
          "vroClientScripts-master.zip": [
               22804,
               "Fri Feb  3 16:42:22 2017"
          ]
     },
     "c:\\python27\\scripts": {
          "django-admin.exe": [
               98186,
               "Tue Mar  7 22:47:53 2017"
          ],
          "django-admin.py": [
               132,
               "Tue Mar  7 22:47:53 2017"
          ],
          "django-admin.pyc": [
               336,
               "Tue Mar  7 22:47:39 2017"
          ],
          "easy_install-2.7.exe": [
               98153,
               "Thu Jan 19 14:51:16 2017"
          ],
          "easy_install.exe": [
               98153,
               "Thu Jan 19 14:51:16 2017"
          ],
          "pip.exe": [
               98125,
               "Thu Jan 19 14:51:19 2017"
          ],
          "pip2.7.exe": [
               98125,
               "Thu Jan 19 14:51:19 2017"
          ],
          "pip2.exe": [
               98125,
               "Thu Jan 19 14:51:19 2017"
          ]
     }
}